start,goal,A*_steps,BFS_steps,A*_time,BFS_time,improvement_%
REQ-030,REQ-018,2,8,0.002019,0.0,75.0
REQ-024,REQ-011,2,15,0.001032,0.0,86.67
REQ-011,REQ-002,2,16,0.002965,0.0,87.5
REQ-016,REQ-022,2,8,0.000998,0.0,75.0
REQ-001,REQ-002,2,2,0.002025,0.0,0.0
REQ-017,REQ-011,2,21,0.002004,0.0,90.48
REQ-037,REQ-007,3,11,0.002,0.0,72.73
REQ-033,REQ-030,2,21,0.001546,0.0,90.48
REQ-024,REQ-015,2,17,0.001094,0.0,88.24
REQ-025,REQ-026,2,6,0.001972,0.0,66.67
